,,
MIN,Item Name,Department
108333149,Morrisons The Best Multi-Seed Loaf 800G,Bakery
108333190,Morrisons The Best Sunflower & Pumpkin Bread 800G,Bakery
110114834,Morrisons Panini 2Pk,Bakery
110998781,Morrisons Ciabattas 2 Pack,Bakery
107168209,Morrisons Butter Croissants 4Pk,Bakery
111167276,Market Street Snack Ciabattas 4Pk,Bakery
110270191,Morrisons Almond Croissants 2Pk,Bakery
107391591,Morrisons Hand Stretched Ciabatta,Bakery
109706912,Morrisons Pain Au Chocolat 2Pk,Bakery
105775591,Pain Au Raisin 2Pk,Bakery
104738325,Chocolate Twist 2 Pack,Bakery
113156925,Market Street Deli Rolls With Sourdough 2Pk,Bakery
110455129,Morrisons Pain Au Chocolat,Bakery
108221729,Morrisons Cinnamon Swirl,Bakery
108154212,Morrisons Stonebaked Ciabatta 2Pk,Bakery
113153100,Market Street Vienna Rolls 4Pk,Bakery
104726720,M Tiger Bread 800G,Bakery
104738296,Morrisons Coburg Cob 400G,Bakery
112517493,MORRISONS THE BEST OLIVE BLOOMER,Bakery
104721494,White Split Tin 800G,Bakery
113877204,MORRISONS THE BEST BROWN SOURDOUGH PAVE 400G,Bakery
104738317,Wheat Spelt & Rye Bread 400G,Bakery
104738026,Farmhouse/White Bread 800G,Bakery
113887576,MORRISONS THE BEST CALIFORNIAN SOURDOUGH 600G,Bakery
106337541,Morrisons Sea Salt & Pepper Bloomer 800G,Bakery
104728872,M Granary Loaf/ Malted Brown 800G,Bakery
104726439,M Wholemeal Bread 800G,Bakery
112517451,MORRISONS THE BEST CHEESE BLOOMER,Bakery
104814981,Wheat Spelt & Rye Tin Loaf 800G,Bakery
104726674,M Tiger Bread 400G,Bakery
113875971,MORRISONS THE BEST MALTED BARLEY & RYE BOULE 400G,Bakery
104726471,M Wholemeal Bread 400G,Bakery
104738069,Morrisons White Farmhouse 400G,Bakery
106308441,Morrisons Black Pepper And Sea Salt Bloomer 400G,Bakery
104721718,Bloomer/White Bread 400G,Bakery
104721654,Bloomer/White Bread 800G,Bakery
104721582,M' White Split Tin 400G,Bakery
104728995,M Granary Loaf/ Malted Brown Sliced 800G,Bakery
105735361,Tiger Loaf Sliced 400G,Bakery
106361445,Morrisons Farmhouse Sliced Loaf 400G,Bakery
105735290,Tiger Bloomer Sliced 800G,Bakery
106361488,Morrisons Farmhouse Sliced Loaf 800G,Bakery
104721603,M' White Split Tin 400G Sliced,Bakery
104729138,M Granary Loaf/ Matled Brown Sliced 400G,Bakery
104737939,M Large White Baps 6Pk,Bakery
110986085,MORRISONS MEDIUM WHITE BAPS 4PK,Bakery
104744611,M Tiger Rolls 4 Pack,Bakery
111013630,Morrisons 6 Medium Cheese Baps,Bakery
104744573,M Crusty Rolls 6 Pack,Bakery
104738131,M Large Tiger Baps 6 Pack,Bakery
104742501,M Large Baps Cheese/Onion 4Pk,Bakery
104744178,M Large Baps/ Wholemeal 6 Pack,Bakery
104788592,Market Street Large White Baps 18Pk,Bakery
104742480,M Sub Rolls White Bread 4 Pack,Bakery
108363102,Morrisons Large Salt & Pepper Baps 6Pk,Bakery
107391726,Morrisons Large Salt & Pepper Baps 6Pk,Bakery
104750682,Large White Baps 2Pk,Bakery
111040030,Morrisons 24 Medium White Baps,Bakery
110986069,Morrisons Medium Granary Baps 4Pk,Bakery
104745891,Scotch Morning Rolls 6Pk,Bakery
110986106,Morrisons Medium Wholemeal Baps 4Pk,Bakery
104742869,M Large Granary Baps 6 Pack,Bakery
104742025,M Finger Rolls White 6 Pack,Bakery
105055981,Large Wholemeal Baps 2Pk,Bakery
104745912,Well Fired Scotch Rolls 6Pk,Bakery
107391742,Morrisons Fruited Teacakes 4 Pack,Bakery
104739424,Morrisons The Best Fruit Scones 4 Pack,Bakery
104739512,Hot Cross Buns 4Pk,Bakery
104745630,Doughnuts/Strawberry 5Pk,Bakery
104745576,Doughnuts/Raspberry 5Pk,Bakery
104745613,Doughnuts/Custard 5Pk,Bakery
104745832,Iced Ring Doughnuts 4Pk,Bakery
104745461,Doughnuts/Sugar Ring 6Pk,Bakery
104744830,Potato Scones 6 Pack,Bakery
111250491,Morrisons Toffee Popcorn 250G,Bakery
111004653,Morrisons Salted Popcorn 120G,Bakery
104746157,M Jam Doughnuts 5 Pack (Non Bakery Stores),Bakery
104739619,Scottish Crumpets 6 Pack,Bakery
104736151,M Large White Baguette 400G,Bakery
104737891,Sandwich Baguette White 4Pk,Bakery
104735722,Morrisons Small White Baguette,Bakery
104735773,M Small Tiger Stick,Bakery
106308118,Morrisons Black Pepper And Sea Salt Tiger Short Stick,Bakery
114406421,FTO Giant Triple Chocolate Cookie It's a girl (Serves 10),Cake shop
114452241,FTO Giant Brownie - Decorate your own (Serves 10),Cake shop
114452101,FTO Giant Triple Chocolate Cookie Happy Anniversary (Serves 10),Cake shop
108255128,FTO Cookies Party Platter (20 Pack),Cakeshop
104746481,FTO Raspberry Iced Ring Doughnuts (12 Pack),Cakeshop
112638877,FTO Raspberry Mini Sponge Sharing Platter (16 Pieces),Cakeshop
105630412,FTO Large Fresh Cream Strawberry Gateau (Serves 16),Cakeshop
112638818,FTO Chocolate Mini Sponge Sharing Platter (16 Pieces),Cakeshop
112390091,FTO Chocolate Party Platter (13 Pack),Cakeshop
112638851,FTO Lemon Mini Sponge Sharing Platter (16 Pieces),Cakeshop
109905356,FTO The Best Scone Platter (9 Pack),Cakeshop
109905313,FTO Fruit Tart Platter (6 Pack),Cakeshop
112018643,FTO Pastries Platter (8 Pack),Cakeshop
112744119,FTO Muffin Platter (9 Pack),Cakeshop
102398726,FTO Whole Chocolate Fudge Cake (14 Slices),Cakeshop
112594376,FTO Whole Victoria Sponge Cake (14 Slices),Cakeshop
111443146,FTO Cream Cake Selection (4 Pack),Cakeshop
113171818,FTO Whole Carrot Cake (14 Slices),Cakeshop
112654092,FTO Whole Lemon Cake (14 Slices),Cakeshop
114399865,FTO Giant Milk Chocolate Cookie Happy Birthday (Serves 10),Cakeshop
113380986,FTO Whole Lemon Meringue Cake (14 Slices),Cakeshop
114452970,FTO Giant Chocolate Brownie Happy Birthday (Serves 10),Cakeshop
114400053,FTO Giant Triple Chocolate Cookie Happy Birthday (Serves 10),Cakeshop
113171949,FTO Whole Coffee And Walnut Cake (14 Slices),Cakeshop
114399911,FTO Giant Milk Chocolate Cookie - Decorate your own (Serves 10),Cakeshop
114399937,FTO Giant Milk Chocolate Cookie Good Luck (Serves 10),Cakeshop
114399996,FTO Giant Milk Chocolate Cookie It's a girl (Serves 10),Cakeshop
114452937,FTO Giant Chocolate Brownie It's a Girl! (Serves 10),Cakeshop
114451601,FTO Giant Chocolate Brownie Thank You (Serves 10),Cakeshop
114399890,FTO Giant Triple Chocolate Cookie - Decorate your own (Serves 10),Cakeshop
114406501,FTO Giant Triple Chocolate Cookie It's a boy (Serves 10),Cakeshop
114452881,FTO Giant Chocolate Brownie It's a Boy! (Serves 10),Cakeshop
114452136,FTO Giant Chocolate Brownie Happy Anniversary (Serves 10),Cakeshop
114399970,FTO Giant Milk Chocolate Cookie It's a boy (Serves 10),Cakeshop
114452064,FTO Giant Triple Chocolate Cookie I Love You (Serves 10),Cakeshop
108886691,Morrisons Market St Fresh Cream White Iced Fingers 2Pk,Cakeshop
105628620,Morrisons Fresh Cream Apple Turnovers 2Pk,Cakeshop
105499071,Market Street Cream Chocolate Eclairs 4 Pk,Cakeshop
105628494,Morrisons Fresh Cream Meringues 2Pk,Cakeshop
105628646,Morrisons Fresh Cream Raspberry Turnover 2Pk,Cakeshop
105630236,Morrisons Fresh Cream Sponge,Cakeshop
109368589,Morrisons Banoffee Tart,Cakeshop
112362760,Market Street Strawberry Victoria Sponge Cake Slice,Cakeshop
109726201,Market Street Strawberry & Cream Meringues 2Pk,Cakeshop
105630092,Morrisons The Best Fresh Cream Scone 2Pk,Cakeshop
108102210,Morrisons Mandarin Trifle,Cakeshop
105713648,M Fresh Cream Chocolate And Cherry Muffins 2Pk,Cakeshop
106251318,Morrisons Fresh Cream Lemon Sponge,Cakeshop
108405659,Morrisons Fresh Cream Palmier,Cakeshop
111393601,Market Street Fresh Cream Ball Doughnuts 2 Pack,Cakeshop
112399870,Market Street Chocolate Cake Slice,Cakeshop
109368343,Market Street Mixed Fruit Tart,Cakeshop
105630279,Morrisons Fresh Cream Chocolate Sponge,Cakeshop
105629913,Morrisons Fresh Cream Vanilla Muffins 2Pk,Cakeshop
105630025,Morrisons Fresh Cream Profiterole Sundae,Cakeshop
109368482,Morrisons Strawberry Tart,Cakeshop
105630252,Morrisons Fresh Cream Large Sponge,Cakeshop
109349257,Morrisons Lemon Meringue Tart,Cakeshop
105630447,Morrisons Profiterole Bowl Dessert,Cakeshop
113084466,Market Street Lemon Meringue Pie Slice,Cakeshop
105629850,Morrisons Fresh Cream Strawberry Sundae,Cakeshop
105867487,M Fresh Cream Black Forest Gateau,Cakeshop
106251203,Morrisons Fresh Cream Lemon Muffins 2Pk,Cakeshop
105630324,Market Street Butterfly Sponge,Cakeshop
105630068,Morrisons Fresh Cream Black Cherry Sundae,Cakeshop
105630308,Market Street Large Fresh Cream Chocolate Sponge,Cakeshop
108102261,Morrisons Raspberry Trifle,Cakeshop
105529322,Morrisons Profiterole Stack 12Pk,Cakeshop
105713411,The Best Triple Chocolate Cookies 4Pk,Cakeshop
105492742,Morrisons Belgian Bun 2Pk,Cakeshop
105615239,M Chocolate Chunk Muffin 4 Pack,Cakeshop
108808212,Morrisons The Best Belgian Milk Chocolate Shortbread Cookies 4Pk,Cakeshop
105713373,The Best Belgian Milk Cookies 4Pk,Cakeshop
105615167,M Blueberry Muffins 4Pk,Cakeshop
105713293,M Milk Chocolate Chunk Cookies 5 Pack,Cakeshop
105615183,M Triple Choc Muffins 4 Pack,Cakeshop
105615212,M Lemon Muffins 4Pk,Cakeshop
105493913,Morrisons Cinnamon Bun 2Pk,Cakeshop
108808239,Morrisons The Best Granola Squares 4Pk,Cakeshop
105713251,M White Chocolate Chunk Cookies 5 Pack,Cakeshop
105658175,Morrisons Pecan Plait 2Pk,Cakeshop
107733028,Morrisons Portuguese Tarts 2 Pack,Cakeshop
105713314,M Oat And Raisin Cookies 5 Pack,Cakeshop
105713277,M Double Chocolate Chunk Cookies 5 Pack,Cakeshop
113250727,Market Street Toffee Yum Yums 4 Pk,Cakeshop
113250751,Market Street Yum Yums 4 Pk,Cakeshop
105658095,Morrisons Cinnamon Swirl 2Pk,Cakeshop
105658255,Morrisons Eccles Cake 2Pk,Cakeshop
105713197,M Vanilla Creme Crowns 2 Pack,Cakeshop
105658191,Morrisons Apple Turnover 2Pk,Cakeshop
113178374,Market Street Caramelised Biscuit Brownie Bowl,Cakeshop
104788912,French Brie 125g,Deli
104789350,Edam Ball 125G,Deli
104789579,Bavarian Smoked Cheese 125G,Deli
104899401,Wensleydale And Cranberry Cheese 125G,Deli
105082348,Cambozola Cheese 125G,Deli
104789595,Applewood Smoked Cheddar 125G,Deli
104789499,Red Fox Crunchy Red Leicester 125G,Deli
104786765,Clawson Reserve Blue Stilton 125g,Deli
105549577,Cricket St Thomas Somerset Brie 125G,Deli
104786247,Tickler Extra Mature Cheddar 125g,Deli
110278441,Wensleydale & Apricots  Cheese 125g,Deli
105137581,Wensleydale Cheddar With Pickled Onion 125G,Deli
104786896,Shepherd Purse Yorkshire Blue 125g,Deli
104789552,Traditional Wensleydale 125G,Deli
105174584,Blacksticks Blue 125G,Deli
105547230,Morrisons Double Gloucester  With Onion And Chives 125G,Deli
109846894,Morrisons The Best Cropwell Bishop Blue Stilton,Deli
104786191,Davidstow Cheddar 125g,Deli
104788939,Isigny Creamy Brie 125G,Deli
104786079,Wyke Mature Cheddar 125g,Deli
104789843,White Stilton Exp 125G,Deli
104806471,Belton'S Cheshire Cheese 125G,Deli
104806498,Coloured Cheshire Cheese 125G,Deli
111543577,Market Street Deli Thickly Sliced Wiltshire Ham 125G,Deli
109086768,WILTSHIRE HAM,Deli
109087429,M ROAST PORK,Deli
109088798,Pressed Ox Tongue 150G,Deli
109085790,BELGIUM BEER HAM,Deli
109086872,Yorkshire Cured Ham 150G,Deli
109086952,Oven Roasted Conti Ham 150G,Deli
109088915,Pork Lunch Tongue 150G,Deli
109086549,OUTDOOR REARED HAM ON BONE,Deli
109087672,Roast Turkey Breast 150G,Deli
105488559,4 Large Vegetable Samosas,Deli
110184883,4 Red Onion Bhajis,Deli
110184816,4 Chicken Katsu Spring Rolls,Deli
105517786,4 Large Chicken Satay Skewers,Deli
110184533,4 Duck Spring Rolls,Deli
106584032,12 Vegetable Spring Rolls,Deli
110184744,4 Large Vegetable Pakoras,Deli
105520985,12 Mini Sweet Chilli Chicken Satays,Deli
106584198,12 Mini Vegetable Samosas,Deli
111988832,FTO Large Savoury Snack Platter (102 Pieces),Deli
114715952,FTO The Best Charcuterie Platter (90 Pieces),Deli
111988795,FTO Savoury Snack Platter (54 Pieces),Deli
114745326,FTO Continental Meat & Cheese Party Platter (80 Pieces),Deli
114597925,FTO Indian Style Snack Selection (50 Piece) 1092g,Deli
111988736,FTO Small Cheese Platter (5 Wedges),Deli
111988710,FTO Ploughman's Platter,Deli
111988752,FTO Large Cheese Platter (6 Wedges),Deli
105957503,FTO Cooked Meats Platter (24 Slices),Deli
114588244,FTO Oriental Style Snack Selection (48 Piece) 822g,Deli
111711454,MORRISONS QUICHE LORRAINE 900G,Deli
111711331,MORRISONS CHEESE & ONION QUICHE 900G,Deli
114718555,FTO Mixed Olives With Herbs 500g (Serves 8),Deli
109036496,FTO Market Street Whole Deli Pork Pie (Serves 10),Deli
114589204,FTO American Style Snack Selection (48 Piece) 1020g,Deli
109040823,FTO Market Street Whole Deli Pork Pie with Egg (Serves 10),Deli
111988525,FTO Spicy Snack Platter (42 Pieces),Deli
109040938,Slicing Pork Pie With Egg  125g,Deli
104775901,Large Melton Mowbray Pork Pie,Deli
109038491,Slicing Pork Pie 125g,Deli
105813649,Morrisons Spray Carnation Flowers Bouquet,Flowers
106428793,Morrisons Chrysanthemum,Flowers
114564672,FTO Classic Sandwich Platter (20 Pieces) - Eat On Same Day,Salad Bar
114564648,FTO Cooked Meat Sandwich Platter (20 Pieces) - Eat On Same Day,Salad Bar
114564787,FTO Wrap Platter (16 Pieces) - Eat On Same Day,Salad Bar
114131199,FTO Party Sandwich Platter (24 Pieces) - Eat On Same Day,Salad Bar
114564816,FTO Vegetarian Sandwich Platter (20 Pieces) - Eat On Same Day,Salad Bar
114027033,FTO Del Monte Fruit Platter 1.1kg,Salad Bar
114564613,FTO The Best Premium Sandwich Platter (16 Pieces) - Eat On Same Day,Salad Bar
114182501,FTO Gluten Free Sandwich Platter (8 Pieces) - Eat On Same Day,Salad Bar
114200879,FTO Sushi Platter (40 Pieces) - Eat On Same Day,Salad Bar
104490243,FTO Deli Style Potato Salad 900g (Serves 6),Salad Bar
104490331,FTO Italian Style Pasta Salad 750g (Serves 6),Salad Bar
104490180,FTO Deli Style Coleslaw 900g (Serves 6),Salad Bar
102780968,FTO Spicy Chicken Pasta 750g (Serves 6),Salad Bar
112657736,FTO Bacon & Cheese Pasta Salad 750g (Serves 6),Salad Bar
104490673,FTO Gemelli Pasta with Tuna & Sweetcorn 900g (Serves 6),Salad Bar
112658122,FTO Sweet Chilli Noodles 750g (Serves 6),Salad Bar
112675395,FTO Tomato and Basil CousCous 750g (Serves 6),Salad Bar
114707899,FTO Large DIY Nachos Kit - Extra Cheesy (Serves 2),Salad Bar
114707151,FTO Large DIY Nachos Kit - Spicy Beef (Serves 2),Salad Bar
109463922,Morrisons 10 Inch Thin Stonebaked Veg Supreme Pizza,Salad Bar
109463762,10 Inch Extra Cheesy Pizza Thin Stonebaked Pizza,Salad Bar
109464394,10 Inch Pepperoni Thin Stonebaked Pizza,Salad Bar
109463965,10 Inch Bbq Chicken & Bacon Feast Thin Stonebaked Pizza,Salad Bar
109464079,10 Inch Mighty Meaty Thin Stonebaked Pizza,Salad Bar
112757956,"Market Street Ham & Pineapple Stonebaked 10"" Pizza",Salad Bar
109463640,10 Inch Extra Cheesy Deep Pan Pizza,Salad Bar
109464669,14 Inch Mighty Meaty Thin & Crispy Pizza,Salad Bar
109464781,14 Inch Extra Cheesy Feast Thin & Crispy Pizza,Salad Bar
109463501,10 Inch Might Meaty Deep Pan Pizza,Salad Bar
109463607,Morrisons 10 Inch Deep Pan Double Pepperoni Pizza,Salad Bar
109464731,Morrisons 14 Inch Thin Stonebaked Double Pepperoni Pizza,Salad Bar
112758051,"Market Street Sizzler Stonebaked 10"" Pizza",Salad Bar
109464335,10 Inch Garlic & Cheese Bread Thin Stonebaked,Salad Bar
111086759,"Market Street Veggie Supreme Deep Pan 10"" Pizza",Salad Bar
112764398,"Market Street Sizzler Thin Stonebaked 14"" Pizza",Salad Bar
113685691,"Morrisons 10"" Chicken & Nduja Pizza",Salad Bar
110646857,Chesterfield Red Superking 20 Cigarettes,Kiosk
110646814,Chesterfield Red 20 Cigarettes,Kiosk
110591331,Benson & Hedges Superkings Blue 20 Cigarettes,Kiosk
101577749,Swan Slimline Filter Tip 165,Kiosk
101525851,Rizla Green Multipack,Kiosk
108667405,Lambert & Butler Original Silver 20Pk,Kiosk
111095524,Chesterfield Bright Superking 20 Cigarettes,Kiosk
110596116,Amber Leaf Original Includes Cigarette Papers 50G,Kiosk
101528605,Swan Extra Slim Filter Tip 120,Kiosk
110646831,Chesterfield Blue 20 Cigarettes,Kiosk
108668758,Richmond Superkings Real Blue 20Pk,Kiosk
110274555,Riverstone Easy Rolling Tobacco 50G,Kiosk
110591358,Benson & Hedges Superkings Sky Blue 20 Cigarettes,Kiosk
110596271,Sovereign Superkings Blue 20 Cigarettes,Kiosk
108666496,Gold Leaf Virginia Blend 50G Includes Cigarette Papers,Kiosk
113360660,Lucky Strike Red Superking 20S,Kiosk
113394392,Richmond Compact 20S,Kiosk
111030368,Richmond Green Filter Superkings 20,Kiosk
110597338,Rothmans Blue 20 Cigarettes,Kiosk
108669558,Golden Virginia The Original 50G Includes Cigarette Papers,Kiosk
113427140,Mayfair Gold Ks 20,Kiosk
101545561,Cricket Lighters 3 Pack (Cr),Kiosk
108667595,Players Real Red 20Pk,Kiosk
110597362,Rothmans Blue Superkings 20 Cigarettes,Kiosk
108668133,Players Superkings Bright Blue 20Pk,Kiosk
101541551,Swan Menthol Ex Slim Tips 120,Kiosk
108668088,Players Superkings Real Red 20Pk,Kiosk
110593118,Benson & Hedges Sky Blue 20 Cigarettes,Kiosk
110596079,Amber Leaf Original 30G,Kiosk
106012624,Swan Ultra Slim Filter 126S,Kiosk
110593020,Benson & Hedges Blue King Size 20 Cigarettes,Kiosk
113360715,Lucky Strike Red Kingsize 20S,Kiosk
113427385,Mayfair Gold Superking 20Mg/Ml,Kiosk
110589215,Sovereign Blue King Size 20 Cigarettes,Kiosk
110605406,Benson & Hedges Blue 5 X 20 Cigarettes,Kiosk
111448422,Sterling Dual Capsule Leaf Wrapped 20,Kiosk
112447819,88Vape Anytank Menthol Chill 16Mg 10Ml,Kiosk
110606484,Carlton Original Superkings 5 X 20 Cigarattes,Kiosk
110606337,Richmond Superkings Real Blue 5 X 20 Cigarettes,Kiosk
101560883,Rizla K/S Slim Silver Papers,Kiosk
113049417,Blu 2.0 Pod Strawberry Mint 18Mg,Kiosk
108666226,Carlton Superkings Bright Blue 20Pk,Kiosk
110594006,Silk Cut Purple 100'S 20 Cigarettes,Kiosk
111105403,Benson & Hedges Superkings Green 20 Cigarettes,Kiosk
108666091,Carlton Original Superkings 20 Pack,Kiosk
108669355,Gold Leaf Virginia Blend 30G Includes Cigarette Papers,Kiosk
110606396,J P S Players Superkings Real Red 5 X 20 Cigarettes,Kiosk
110605887,Lambert & Butler Original Silver 5 X 20 Cigarettes,Kiosk
111108161,Pall Mall Flow Blue Superkings 20 Cigarettes,Kiosk
104747871,Zig Zag Green 8Pk Papers,Kiosk
110597397,Cutters Choice Extra Fine Includes Cigarette Papers 30G,Kiosk
110274521,Riverstone Easy Rolling Tobacco 30G,Kiosk
113455837,Bayside Virginia 50G,Kiosk
110592633,Silk Cut Silver 20 Cigarettes,Kiosk
110591155,Benson & Hedges Superkings Blue 5 X 20 Cigarettes,Kiosk
108669443,Golden Virginia The Original 30G Includes Cigarette Papers,Kiosk
108668037,Players Real Red 50G Can,Kiosk
110597151,Rothmans Blue Xl 24 Cigarettes,Kiosk
110605553,Sovereign Superkings Blue 5 X 20 Cigarettes,Kiosk
110647008,Marlboro Gold Fine Cut Tobacco 30G,Kiosk
110597258,Rothmans Original 20 Cigarettes,Kiosk
110592414,Sterling Rolling Tobacco Includes Cigarette Papers 50G,Kiosk
108543592,Royal Dutch Miniature Blue Cigars 20Pk,Kiosk
108579721,Embassy Signature Gold 20Pk,Kiosk
108667350,Lambert & Butler Bright Gold 20Pk,Kiosk
108665784,Carlton Original 20 Pack,Kiosk
108666736,John Player Special Superkings Real Blue 20Pk,Kiosk
111108444,Vogue Blue 20 Cigarettes,Kiosk
110596343,Embassy Number 1 Red Superkings 20Pk,Kiosk
110647219,Marlboro Gold 5 X 20 Cigarettes,Kiosk
101526677,Rizla Silver Papers,Kiosk
111106078,Sovereign Dual 20 Cigarettes,Kiosk
110591278,Sovereign Sky Blue 20 Cigarettes,Kiosk
108677339,Blu Pro E-Liquid Blueberry 1.6%,Kiosk
113398457,Embassy Signature Tobacco Pouch 30G,Kiosk
108669515,Gv Bright Yellow 50G Includes Cigarette Papers,Kiosk
108666939,L&B Blue Real Blue 20Pk,Kiosk
111108356,Pall Mall Shift Xl 23 Cigarettes,Kiosk
111927757,Sterling Rolling Tobacco Essential 30G,Kiosk
112216172,Sterling Rolling Tobacco Essential 50G,Kiosk
108705846,Hamlet Fine 10Pk,Kiosk
101568421,Rizla Blue Papers,Kiosk
113439909,Terea Turquoise 20S,Kiosk
112584119,Mayfair Silver King Size Cigarettes,Kiosk
110592191,Mayfair Superkings 20 Cigarettes,Kiosk
111897463,Jps Players Easy Rolling Tobacco 50G,Kiosk
110594170,Kensitas Club 20 Cigarettes,Kiosk
112584160,Mayfair Silver Super King Size Cigarettes,Kiosk
111030616,Richmond Green Filter Superkings 100 5 X 20 Cigarettes,Kiosk
108669224,Drum The Original Blue 50G,Kiosk
101560752,Swan Gas Refill 200Ml (R),Kiosk
110592844,Benson & Hedges Gold 20 Cigarettes,Kiosk
110590427,Kensitas Club Superkings 20 Cigarettes,Kiosk
101545616,Rizla Liquorice Papers,Kiosk
112716484,Blu 2.0 Device Kit,Kiosk
112785199,Clipper Jet Flame Lighter Solid Colours 24Pk,Kiosk
110606425,J P S Players Real Red 5 X 20 Cigarettes,Kiosk
108666576,John Player Special Real Blue 20Pk,Kiosk
110646902,Marlboro Gold 20 Cigarettes,Kiosk
110597266,Cutters Choice Original Includes Papers 50G,Kiosk
110606572,J P S Real Blue 5 X 20 Cigarettes,Kiosk
102334141,Jps Myo Tubes,Kiosk
111030018,Jps Players Green Filter Superkings 20,Kiosk
111105913,Mayfair Green 20 Cigarettes,Kiosk
110594196,Mayfair Sky Blue 20 Cigarettes,Kiosk
111108225,Pall Mall Flow Red King Size 20 Cigarettes,Kiosk
108668205,Regal Blue 20Pk,Kiosk
110605975,Richmond Real Blue 5 X 20 Cigarettes,Kiosk
101558927,Rizla Ks Slim Blue 32'S,Kiosk
111106203,Sterling Dual 20 Cigarettes,Kiosk
110597178,Cutters Choice Original Includes Cigarette Papers 30G,Kiosk
110605852,J P S Superkings Real Blue 5 X 20 Cigarettes,Kiosk
110590275,Sterling Superkings Blue 20 Cigarettes,Kiosk
110588685,Berkeley Superkings Blue 20 Cigarettes,Kiosk
101563419,Rizla Green Papers,Kiosk
110591606,Silk Cut Purple 20 Cigarettes,Kiosk
111030683,Carlton Green Filter Superkings 20,Kiosk
111108292,Pall Mall Shift 20 Cigarettes,Kiosk
110597346,Rothmans Silver 20 Cigarettes,Kiosk
108668977,Windsor Blue Superkings Real Blue 20Pk,Kiosk
108677515,Blu Pro E-Liquid Menthol 1.6%,Kiosk
110589021,Camel Blue 20 Cigarettes,Kiosk
109822817,Heets Amber Label 20Pk,Kiosk
111809777,88Vape Any Tank E-Liquid Fusion 6Mg/G 10Ml,Kiosk
108669267,Drum Gold 30G,Kiosk
108568984,Henri Wintermans Half Corona 5S,Kiosk
110596571,Sterling Superkings 20 Cigarettes,Kiosk
101534811,Swan Slimline Filter Tips 102,Kiosk
110605342,Benson & Hedges Gold 5 X 20 Cigarettes,Kiosk
108668272,Richmond Original 20 Pack,Kiosk
108666322,Castella Classic Fine Cigars 10Pk,Kiosk
113690950,Elfliq Blueberry Sour Raspberry 20Mg,Kiosk
108669486,Gv Bright Yellow 30G Includes Cigarette Papers,Kiosk
108705782,Hamlet Miniature 10Pk,Kiosk
111674841,88Vape Anytank E-Liquid 6Mg Menthol Chill 10Ml,Kiosk
108783668,Moments 20 Blue Cigars,Kiosk
108543429,Royal Dutch Miniature 20Pk,Kiosk
111633804,Velo 20 Nicotine Pouches Polar Mint 6Mg,Kiosk
108670401,Blu Pro Kit,Kiosk
110597223,Royals Red 23 Cigarettes,Kiosk
110605254,Sterling Superkings 100 5 X 20 Cigarettes,Kiosk
110605318,Sterling Superkings Blue 5 X 20 Cigarettes,Kiosk
111897519,Rizla Super Thin Silver King Size Slim Combi Pack,Kiosk
108667042,L&B Blue Superkings Real Blue 20Pk,Kiosk
110611259,Embassy Signature Gold 5 X 20 Cigarettes,Kiosk
108666517,John Player Special Legendary Black 20Pk,Kiosk
112057458,Lambert &Butler Real Blue King Size 100 Cigarettes,Kiosk
110605676,Mayfair King Size 5 X 20 Cigarettes,Kiosk
110605941,Regal Blue 5 X 20 Cigarettes,Kiosk
108668774,Richmond Superkings Bright Blue 20Pk,Kiosk
110605377,Sovereign Blue 5 X 20 Cigarettes,Kiosk
108807762,Special Virginia Ready Rubbed 50G,Kiosk
112693462,VAMPIRE VAPE ALL DAY GRAPE 6MG/ML 10ML,Kiosk
111685313,88Vape Anytank E-Liquid Raspberry Ripple 6Mg/G 10Ml,Kiosk
110606450,Carlton Original 5 X 20 Cigarettes,Kiosk
113691266,Elfliq Cherry 20Mg/Ml,Kiosk
110590591,Holborn Yellow Includes Cigarette Papers 50G,Kiosk
110596255,Silk Cut Blue 20 Cigarettes,Kiosk
112584346,Benson & Hedges Blue 2 In 1 30G Cigarettes,Kiosk
111073309,Rizla Menthol Chill Flavour Infusion,Kiosk
113683012,Ske Crystal Bar Cola Ice 20Mg/Ml,Kiosk
111104081,Swan Crushball Fresh Extra Slim Burst 54 Filter Tips,Kiosk
112100807,Edge Very Menthol E-Liquid 18Mg,Kiosk
110596183,Old Holborn Original Hand Rolling Tobacco 50G,Kiosk
110595789,Mayfair White 20 Cigarettes,Kiosk
108543621,Royal Dutch Elite Slim Pan Cigars 5Pk,Kiosk
112100920,Edge Virginia Tobacco E-Liquid 18Mg,Kiosk
108669831,Superkings Original Black 20Pk,Kiosk
111674876,88Vape E-Liquid 16Mg Rolling Leaf 10Ml,Kiosk
108705601,Condor Ready Rubbed Tobacco 50G,Kiosk
112098031,Edge British Tobacco E-Liquid 18Mg,Kiosk
111107097,Kensitas Club 30G Includes Papers & Filters,Kiosk
110605465,Kensitas Club Superkings 5 X 20 Cigarettes,Kiosk
113089081,Nordic Spirit Spearmint Strong,Kiosk
110597418,Pall Mall Fine Cut 30G,Kiosk
110605431,Silk Cut Purple 5 X 20 Cigarettes,Kiosk
108618718,Villiger Rio 6 Pressed Cigars 5Pk,Kiosk
111919255,Vuse Epod Pods Vpro Chilled Mint 18Mg/Ml,Kiosk
110606273,Windsor Blue J P S Superkings Real Blue 5 X 20 Cigarettes,Kiosk
111674905,88Vape Original E-Liquid 11Mg Sweet Strawberry 10Ml,Kiosk
113089110,Amber Leaf Original 40G,Kiosk
112716548,Blu 2.0 Pod Blueberry Ice 18Mg/Ml 1.5Ml,Kiosk
112790027,Clipper Solid Colour Silver Top Lighter,Kiosk
111897375,Jps Players Easy Rolling Tobacco Pouch 30G,Kiosk
110605490,Kensitas Club King Size 5 X 20 Cigarettes,Kiosk
110646988,Marlboro Touch 20 Cigarettes,Kiosk
112693711,Vampire Vape Ice Menthol 6Mg/Ml 10Ml,Kiosk
110596642,Amber Leaf Original 3 In 1 Includes Cigarette Papers And Filters 30G,Kiosk
108670461,Blu Pro Clearomiser,Kiosk
110918381,Lambert & Butler Original 30G,Kiosk
110647083,Marlboro Red 20 Cigarettes,Kiosk
108667982,Players Bright Blue 20Pk,Kiosk
108669700,Jps Bright Silver Stream 20 Pack,Kiosk
110605916,Lambert & Butler Bright Gold 5 X 20 Cigarettes,Kiosk
108568731,Signature Blue 50S,Kiosk
111633775,Velo 20 Nicotine Pouches Ice Cool 10Mg,Kiosk
111105761,Berkeley Superkings Green 20 Cigarettes,Kiosk
112716513,Blu 2.0 Pod Berry Mix 18Mg/Ml 1.5Ml,Kiosk
108666365,Castella Classic Fine Cigars 5 X 5 Multipack,Kiosk
112367510,Royal Dutch Flame 10'S,Kiosk
110922583,Sterling Dual Capsule Leaf Wrapped 10 Cigarillos,Kiosk
110595957,American Spirit Blue Hand Rolling Tobacco 30G,Kiosk
113140894,Blu 2.0 Pod Green Apple 18Mg/Ml,Kiosk
113691012,Elfliq Peach Ice 20Mg/Ml,Kiosk
110647243,Marlboro Red 5 X 20 Cigarettes,Kiosk
113012008,Regal Signature Rolling Tobacco Pouch 30G,Kiosk
111073181,Rizla Fresh Mint Flavour Infusion,Kiosk
113438754,Terea Blue 20S,Kiosk
108579595,Embassy Filter 20Pk,Kiosk
110596001,Old Holborn Original Hand Rolling Tobacco 30G,Kiosk
111108081,Pall Mall Flow Blue King Size 20 Cigarettes,Kiosk
111108410,Signature Dual 10 Cigarillos,Kiosk
110606249,Superkings Original Black 5 X 20 Cigarettes,Kiosk
112915977,Velo Max Freeze 17Mg,Kiosk
112445531,Vuse Epod Pods Vpro Chilled Mint 6Mg/Ml Ukca Clp,Kiosk
112716636,Blu 2.0 Pod Golden Tobacco 18Mg/Ml 1.5Ml,Kiosk
108677460,Blu Pro E-Liquid Tobacco 1.6%,Kiosk
108569101,Clan Original 50G,Kiosk
108669195,Drum The Original Blue 30G,Kiosk
110647180,Marlboro Silver Blue 20 Cigarettes,Kiosk
110591551,Mayfair King Size 20 Cigarettes,Kiosk
108783617,Moments 5 Panatella Cigars,Kiosk
112153837,Ocb Premium Slim & Filters,Kiosk
101554459,Poppell Flint Lighter (Cr),Kiosk
113129783,Sterling Double Dual Berry 10S,Kiosk
112445506,Velo Freeze 11Mg Pouch,Kiosk
112716572,Blu 2.0 Pod Fresh Mango 18Mg/Ml 1.5Ml,Kiosk
112716601,BLU 2.0 POD FRESH MINT 18MG/ML 1.5ML,Kiosk
111107062,Holborn Yellow 30G Includes Papers & Filters,Kiosk
108667544,Panama Thin Panatellas 6Pk,Kiosk
110596474,Sterling Blue 20 Cigarettes,Kiosk
111877016,Vuse E Pod V Pro Golden Tobacco 18Mg/Ml,Kiosk
108974798,Blue Ridge Tobacco 20G,Kiosk
101546942,Poppell Elec. Lighter (Cr),Kiosk
113012032,Regal Signature Rolling Tobacco Pouch 50G,Kiosk
110605529,Silk Cut Silver 5 X 20 Cigarettes,Kiosk
110592511,Sterling Rolling Tobacco Includes Cigarette Papers 30G,Kiosk
108618558,Villiger Export Pressed Cigars 5Pk,Kiosk
110866921,O C B Virgin Unbleached Slim & Filters,Kiosk
112584039,Benson & Hedges Blue 2 In 1 50G Cigarettes,Kiosk
110605764,Sterling King Size 5 X 20 Cigarettes,Kiosk
110590371,Sterling Original 3 In 1 Includes Cigarette Papers And Filters 30G,Kiosk
113455896,Ashford Original Volume Tobacco 50G,Kiosk
110597080,Dunhill International 20 Cigarettes,Kiosk
113455925,Manitou Virginia Green 30G,Kiosk
108569055,Moments Miniatures Blue 10S,Kiosk
112716695,Blu Pod 2.0 Fresh Mint 9Mg/Ml 1.5Ml,Kiosk
113690984,ELFLIQ SPEARMINT 20MG,Kiosk
110591067,Kensitas Club Rolling Tobacco Includes Cigarette Papers 50G,Kiosk
108543251,Royal Dutch Miniature Blue 10Pk,Kiosk
108568546,Signature Original 50S,Kiosk
112487360,Royal Mail 8 X 2Nd Class Stamp Book,Kiosk
112487247,Royal Mail 8 X 1St Class Stamp Book,Kiosk
112487474,Royal Mail 4 X 2Nd Class Large Letter Stamp Book,Kiosk
112487423,Royal Mail 4 X 1St Class Large Letter Stamp Book,Kiosk
114761246,National Lottery Super 7s Scratch Card,Kiosk
114757239,National Lottery Set For 5 Years,Kiosk
114074180,National Lottery Cats Vs Dogs Scratch Card,Kiosk
114740648,National Lottery Just To Say Scratch Card,Kiosk
106789652,Morrisons Smoked Gammon Joint 1.4Kg,Meat
105035699,M Medium Smoked Gammon Joint,Meat
109669533,M MKT ST BRIT/HALF LAMB LEG,Meat
102798391,Market Street British Pork Ribs 0.5Kg,Meat
102794201,Prepared In Store Scotch Sirloin Steaks 200G,Meat
102798615,Market Street British Pork Fillet 400G,Meat
102798535,British Boneless Shoulder Of Pork 1.75Kg,Meat
102798586,British Pork Loin Steaks 0.4Kg,Meat
102798560,Market Street British Pork Loin/ Boneless Joint 0.8Kg,Meat
102793689,British Beef Mince 550G,Meat
102794315,Market Street Scottish Butchers Mince Steak 0.625Kg,Meat
102793380,Prepared In Store British Salmon Cut Joint 0.7Kg,Meat
102798623,Market Street British Pork Belly Slices 625G,Meat
104597665,Handmade British Beef Steak Burgers X4,Meat
102796505,Prepared In Store British Lamb Shank 370G,Meat
102796679,Market Street British Spring Lamb Ribs 500G,Meat
102796775,Morrisons British Diced Lamb 275g,Meat
102793865,Prepared In Store British Beef Sandwich Steak 250G,Meat
102793419,Prepared In Store British Brisket Joint 1.35Kg,Meat
102796812,Morrisons British Lamb Stuffed Breast 340G,Meat
102794139,Prepared In Store Scotch Rib Eye Steak 200G,Meat
102793478,Prepared In Store British Rib Eye Steak 290G,Meat
102796581,Prepared In Store British Lamb Chops 350G,Meat
102793363,Prepared In Store British Silverside Joint 0.9Kg,Meat
102798631,Market Street British Boneless Pork Belly Joint 725G,Meat
102793507,Prepared In Store British Rump Steak 350G,Meat
102793494,Prepared In Store British Fillet Steak 150G,Meat
102796548,Prepared In Store British Lamb Shoulder 900G,Meat
102793662,Market Street British Beef Braising Steak 0.6Kg,Meat
104597622,Handmade British Beef Steak Burgers X2,Meat
104597673,Handmade Scotch Beef Steak Burgers X4,Meat
102793540,Prepared In Store British Sirloin Steak 300G,Meat
110615698,Market Street Flavoured Lamb Ribs 0.5Kg,Meat
102793654,Market Street British Best Braising Steak 0.6Kg,Meat
102793769,Market Street British Lean Casserole Steak 0.65Kg,Meat
102794403,Market Street Scottish Lean Casserole Steak 0.65Kg,Meat
102796804,Morrisons British Lamb Breast 325G,Meat
102794155,Prepared In Store Scotch Fillet Steak 200G,Meat
102794286,Market Street Scottish Best Braising Steak 0.6Kg,Meat
102796484,Prepared In Store British Leg Of Lamb 2.25Kg,Meat
102796636,Prepared In Store British Rack Of Lamb 625G,Meat
102794294,Market Street Scottish Shoulder Steak Braising 600G,Meat
102793427,Prepared In Store British Thick Rib Joint 950G,Meat
102798498,Market Street British Pork Leg Steak 0.5Kg,Meat
102793321,Prepared In Store British Topside Joint 1.35Kg,Meat
102796960,Market Street Scotch Spring Lamb Shoulder 0.9Kg,Meat
102797516,Morrisons Welsh Lamb Leg Steak 280G,Meat
102794083,Prepared In Store Scotch Thick Rib Joint 690G,Meat
102797444,Prepared In Store Welsh Rack Of Lamb,Meat
102797487,Market Street Welsh Lamb Ribs 0.5Kg,Meat
102797381,Prepared In Store Welsh Lamb Chops 340G,Meat
102798666,Stuffed British Pork Loin Steak 0.4Kg,Meat
102799589,Market Street Turkey Breast Joint Skin On 1.85Kg,Meat
102797006,Market Street Scotch Spring Lamb Chops 0.35Kg,Meat
102794163,Market Street Scottish Rump Popeseye Steak 0.625Kg,Meat
102796901,Prepared In Store Scotch Leg Of Lamb 1Kg,Meat
102797129,Market Street Scotch Spring Lamb Leg Steak 0.4Kg,Meat
102793339,Prepared In Store British Diced Topside 290G,Meat
102798480,British Boneless Leg Of Pork 3.5Kg,Meat
102793312,Prepared In Store British Topside Steak 230G,Meat
102796927,Prepared In Store Scotch Lamb Shank 400G,Meat
102797090,Market Street Scottish Lamb Ribs 0.5Kg,Meat
102797348,Market Street Welsh Spring Lamb Shoulder 1.1Kg,Meat
102794041,Prepared In Store Scotch Salmon Cut Joint 880G,Meat
102408277,Morrisons Fresh British Whole Herring 150G,Seafood
102409616,Morrisons Sardines 220G,Seafood
102408154,Morrisons Whole Rainbow Trout 840G,Seafood
102409755,Market Street Ray Wings 390G,Seafood
102408576,Market Street Lemon Sole Fillet 120G,Seafood
102413201,Smoked Haddock Fillet With No Colour 245G,Seafood
102409739,Morrisons Octopus 200G,Seafood
109589488,"Market Street Smoked Cod Loin Colour 400G
",Seafood
102410043,"Market Street Monkfish Tails 330G
",Seafood
113687056,Blu Bar 1000 Banana Ice 20Mg,Kiosk
113687110,Blu Bar 1000 Mint 20Mg,Kiosk
113687144,Blu Bar 1000 Watermelon Ice 20Mg,Kiosk
113690204,Ivg 2400 Special Edition 20Mg/2Ml,Kiosk
113690950,Elfliq Blueberry Sour Raspberry 20Mg,Kiosk
113691012,Elfliq Peach Ice 20Mg/Ml,Kiosk
113691178,Elfliq Kiwi Passion 20Mg,Kiosk
113691266,Elfliq Cherry 20Mg/Ml,Kiosk
113691549,Ske Crystal Sour Apple 20Mg/Ml,Kiosk
113691979,Ske Crystal Pineapple Peach Mango 20Mg/Ml,Kiosk
113692365,Elf Bar V2 Blueberry Sour Raspberry 20Mg,Kiosk
113692533,Elf Bar V2 Blueberry 20Mg/Ml,Kiosk
113692681,Elf Bar V2 Cherry 20Mg/Ml,Kiosk
102799589,Market Street Turkey Breast Joint Skin On 1.85Kg,Kiosk
111404307,M MED WHOLE TURKEY 4-5.49KG,Kiosk
110811226,Morrisons Meat Sandwich Platter 20 Pieces,Salad Bar
110816596,Morrisons Vegetarian Sandwich Platter 20 Pieces,Salad Bar
111528123,Morrisons Classic Sandwich Platter 20 Pieces,Salad Bar
109272835,Morrisons Wrap Platter 16 Pieces,Salad Bar
114131199,Morrisons Party Sandwich Platter 20 Pieces,Salad Bar
109894731,Morrisons Gluten Free Sandwich Platter 8 Pieces,Salad Bar
111988816,Morrisons Large Continental Platter,Deli
111988779,Morrisons Continental Platter,Deli
111988525,Morrisons Spicy Platter,Deli
114027033,Del Monte Fruit Platter 1.17kg,Salad Bar
114230402,Morrisons Christmas Sandwich Platter 20 Pieces,Salad Bar
111988752,Morrisons Large Cheese Platter,Deli
109905356,Morrisons The Best Scone Platter 9 Pieces,Cake shop
111988736,Morrisons Small Cheese Platter,Deli
108255128,Morrisons Cookies Party Platter,Cake shop
112390091,Morrisons Cakeshop Chocolate Platter,Cake shop
105957503,Morrisons Cooked Meats Platter,Deli
111988832,Morrisons Large Savoury Platter,Deli
111988795,Morrisons Savoury Platter,Deli
111988710,Morrisons Ploughman's Platter,Deli
109905313,Morrisons Fruit Tart Platter 6 Pieces,Cake shop
114399865,Morrisons The Best Milk Chocolate Giant Cookie Happy Birthday,Cake shop
114399937,Morrisons The Best Milk Chocolate Giant Cookie Good Luck,Cake shop
114399953,Morrisons The Best Milk Chocolate Giant Cookie Thank You,Cake shop
114399970,Morrisons The Best Milk Chocolate Giant Cookie It's a boy!,Cake shop
114399996,Morrisons The Best Milk Chocolate Giant Cookie It's a girl!,Cake shop
114400011,Morrisons The Best Milk Chocolate Giant Cookie I Love You,Cake shop
114400037,Morrisons The Best Milk Chocolate Giant Cookie Happy Anniversary,Cake shop
114480057,Morrisons The Best Milk Chocolate Giant Cookie Well Done,Cake shop
114400053,Morrisons The Best Triple Chocolate Giant Cookie Happy Birthday,Cake shop
114406463,Morrisons The Best Triple Chocolate Giant Cookie Good Luck,Cake shop
114406480,The Best Triple Chocolate Giant Cookie - 'Thank you',Cake shop
114406501,The Best Triple Chocolate Giant Cookie - 'Its a boy!',Cake shop
114406421,The Best Triple Chocolate Giant Cookie - 'Its a girl!',Cake shop
114452064,The Best Triple Chocolate Giant Cookie - 'I Love You',Cake shop
114452101,The Best Triple Chocolate Giant Cookie - 'Happy Anniversary',Cake shop
114479814,The Best Triple Chocolate Giant Cookie - 'Well Done',Cake shop
114452970,Morrisons Giant Brownie - 'Happy Birthday',Cake shop
114451601,Morrisons Giant Brownie - 'Thank you',Cake shop
114452881,Morrisons Giant Brownie - 'Its a boy!',Cake shop
114452937,Morrisons Giant Brownie  - 'Its a girl!',Cake shop
114452953,Morrisons Giant Brownie - 'I Love You',Cake shop
114452136,Morrisons Giant Brownie - 'Happy Anniversary',Cake shop
114406447,Morrisons Giant Brownie - 'Good Luck',Cake shop
114480073,Morrisons Giant Brownie - 'Well Done',Cake shop
105630412,Morrisons Large Fresh Cream Strawberry Gateau,Cake shop
112594376,Morrisons Whole Victoria Sponge Cake,Cake shop
102398726,Morrisons Whole Chocolate Fudge Cake,Cake shop
113380986,Morrisons Whole Lemon Meringue Cake,Cake shop
